date,time,status,lat,lon,altitude,now
2016/07/05,8:00:00,1,35.447733,140.220712,145,0
2016/07/05,8:00:00,1,35.447115,140.21997,147,0
2016/07/05,8:00:00,1,35.445468,140.21923,145,0
2016/07/05,8:00:00,1,35.445468,140.21923,145,0
2016/07/05,8:00:00,1,35.445468,140.21923,145,0
2016/07/05,8:00:00,1,35.436198,140.218315,71,0
2016/07/05,8:00:00,1,35.43412,140.217363,59,0
2016/07/05,8:00:00,1,35.43412,140.217363,59,0
2016/07/05,8:00:00,1,35.43412,140.217363,59,0
2016/07/05,8:00:00,1,35.43022,140.216837,42,1
2016/07/05,8:00:00,1,35.429225,140.216682,44,0
2016/07/05,8:00:00,1,35.427613,140.216907,47,0
2016/07/05,8:00:00,1,35.426448,140.215662,45,0
2016/07/05,8:00:00,1,35.425155,140.214578,47,0
2016/07/05,8:00:00,1,35.424242,140.213245,57,0
2016/07/05,8:00:00,1,35.423407,140.212123,57,0
2016/07/05,8:00:00,1,35.422173,140.211085,50,1
2016/07/05,8:00:00,1,35.42047,140.211605,59,0
2016/07/05,8:00:00,1,35.42047,140.211605,59,0
2016/07/05,8:00:00,1,35.418127,140.211833,56,0
2016/07/05,8:00:00,1,35.418127,140.211833,56,0
2016/07/05,8:00:00,1,35.416535,140.208125,75,0
2016/07/05,8:00:00,1,35.415673,140.207208,76,0
2016/07/05,8:00:00,1,35.414348,140.206148,67,0
2016/07/05,8:00:00,1,35.41344,140.203395,74,0
2016/07/05,8:00:00,1,35.412762,140.202947,75,0
2016/07/05,8:00:00,1,35.412762,140.202947,75,1
2016/07/05,8:00:00,1,35.409457,140.20625,68,0
2016/07/05,8:00:00,1,35.409048,140.20651,71,0
2016/07/05,8:00:00,1,35.406007,140.20668,71,0
2016/07/05,8:00:00,1,35.404345,140.207093,72,0
2016/07/05,8:00:00,1,35.40274,140.207178,77,0
2016/07/05,8:00:00,1,35.40128,140.207277,78,0
2016/07/05,8:00:00,1,35.399917,140.208,81,1
2016/07/05,8:00:00,1,35.398757,140.20878,77,0
2016/07/05,8:00:00,1,35.397585,140.210157,79,0
2016/07/05,8:00:00,1,35.397585,140.210157,79,0
2016/07/05,8:00:00,1,35.395295,140.210452,98,0
2016/07/05,8:00:00,1,35.393678,140.20933,87,0
2016/07/05,8:00:00,1,35.392628,140.207895,89,0
2016/07/05,8:00:00,1,35.391247,140.206538,91,0
2016/07/05,8:00:00,1,35.389858,140.205703,97,0
2016/07/05,8:00:00,1,35.389778,140.205612,98,0
2016/07/05,8:00:00,1,35.390207,140.202968,97,1
2016/07/05,8:00:00,1,35.390207,140.202968,97,0
2016/07/05,8:00:00,1,35.388622,140.199773,100,0
2016/07/05,8:00:00,1,35.38692,140.19918,102,0
2016/07/05,8:00:00,1,35.386327,140.198972,102,0
2016/07/05,8:00:00,1,35.3839,140.196843,103,0
2016/07/05,8:00:00,1,35.38317,140.196375,103,0
2016/07/05,8:00:00,1,35.38317,140.196375,103,1
2016/07/05,8:00:00,1,35.38317,140.196375,103,0
2016/07/05,8:00:00,1,35.380252,140.193205,115,0
2016/07/05,8:00:00,1,35.379902,140.192085,121,0
2016/07/05,8:00:00,1,35.37941,140.191273,129,0
2016/07/05,8:00:00,1,35.37956,140.188735,136,0
2016/07/05,8:00:00,1,35.37864,140.187567,135,0
2016/07/05,8:00:00,1,35.377382,140.186865,140,0
2016/07/05,8:00:00,1,35.376538,140.186918,139,0
2016/07/05,8:00:00,1,35.376538,140.186918,139,0
2016/07/05,8:00:00,1,35.371028,140.184177,108,1
2016/07/05,8:00:00,1,35.368843,140.184358,92,0
2016/07/05,8:00:00,1,35.367077,140.184685,92,0
2016/07/05,8:00:00,1,35.365402,140.184778,88,0
2016/07/05,8:00:00,1,35.36454,140.184808,86,0
2016/07/05,8:00:00,1,35.36456,140.18483,88,0
2016/07/05,8:00:00,1,35.364545,140.184312,88,0
2016/07/05,8:00:00,1,35.363355,140.182245,84,1
2016/07/05,8:00:00,1,35.362998,140.18156,80,0
2016/07/05,8:00:00,1,35.362083,140.180397,89,0
2016/07/05,8:00:00,1,35.36137,140.17972,94,0
2016/07/05,8:00:00,1,35.36062,140.179118,116,0
2016/07/05,8:00:00,1,35.3601,140.1786,113,0
2016/07/05,8:00:00,1,35.3601,140.1786,113,0
2016/07/05,8:00:00,1,35.358042,140.175047,108,0
2016/07/05,8:00:00,1,35.356545,140.173897,109,0
2016/07/05,8:00:00,1,35.355558,140.173112,105,0
2016/07/05,8:00:00,1,35.35476,140.171648,112,1
2016/07/05,8:00:00,1,35.354203,140.170168,113,0
2016/07/05,8:00:00,1,35.353185,140.166533,101,0
2016/07/05,8:00:00,1,35.352235,140.163713,79,0
2016/07/05,8:00:00,1,35.351267,140.162268,77,0
2016/07/05,8:00:00,1,35.349602,140.16152,80,0
2016/07/05,8:00:00,1,35.348165,140.161562,86,0
2016/07/05,8:00:00,1,35.347077,140.160178,86,1
2016/07/05,8:00:00,1,35.346197,140.158005,81,0
2016/07/05,8:00:00,1,35.34536,140.155748,76,0
2016/07/05,8:00:00,1,35.344428,140.154078,71,0
2016/07/05,8:00:00,1,35.343158,140.153988,71,0
2016/07/05,8:00:00,1,35.341608,140.154133,76,0
2016/07/05,8:00:00,1,35.339997,140.153315,76,0
2016/07/05,8:00:00,1,35.338867,140.151903,77,0
2016/07/05,8:00:00,1,35.337808,140.150567,79,0
2016/07/05,8:00:00,1,35.337145,140.150497,80,0
2016/07/05,8:00:00,1,35.335418,140.15076,86,1
2016/07/05,8:00:00,1,35.335057,140.150612,86,0
2016/07/05,8:00:00,1,35.335057,140.150612,86,0
2016/07/05,8:00:00,1,35.335057,140.150612,86,0
2016/07/05,8:00:00,1,35.333762,140.145418,90,0
2016/07/05,8:00:00,1,35.332512,140.145432,90,0
2016/07/05,8:00:00,1,35.331048,140.146813,92,0
2016/07/05,8:00:00,1,35.329085,140.147907,95,1
2016/07/05,8:00:00,1,35.327593,140.148855,95,0
2016/07/05,8:00:00,1,35.326372,140.149463,97,0
2016/07/05,8:00:00,1,35.324892,140.14969,97,0
2016/07/05,8:00:00,1,35.32341,140.149208,94,0
2016/07/05,8:00:00,1,35.321363,140.149357,95,0
2016/07/05,8:00:00,1,35.319812,140.149272,94,0
2016/07/05,8:00:00,1,35.318888,140.149475,92,0
2016/07/05,8:00:00,1,35.316648,140.149233,96,0
2016/07/05,8:00:00,1,35.3144,140.149238,90,0
2016/07/05,8:00:00,1,35.313048,140.149232,95,1
2016/07/05,8:00:00,1,35.311838,140.148628,97,0
2016/07/05,8:00:00,1,35.310487,140.147917,100,0
2016/07/05,8:00:00,1,35.308363,140.148,99,0
2016/07/05,8:00:00,1,35.306788,140.148252,96,0
2016/07/05,8:00:00,1,35.305207,140.147748,97,0
2016/07/05,8:00:00,1,35.303502,140.147443,94,0
2016/07/05,8:00:00,1,35.301737,140.147582,93,1
2016/07/05,8:00:00,1,35.301317,140.149285,94,0
2016/07/05,8:00:00,1,35.30016,140.150648,104,0
2016/07/05,8:00:00,1,35.299212,140.150103,104,0
2016/07/05,8:00:00,1,35.299212,140.150103,104,0
2016/07/05,8:00:00,1,35.297235,140.150858,124,0
2016/07/05,8:00:00,1,35.2959,140.151115,129,0
2016/07/05,8:00:00,1,35.294295,140.15128,125,0
2016/07/05,8:00:00,1,35.292482,140.151505,127,0
2016/07/05,8:00:00,1,35.292143,140.151495,124,0
2016/07/05,8:00:00,1,35.292143,140.151495,124,1
2016/07/05,8:00:00,1,35.288952,140.149487,109,0
2016/07/05,8:00:00,1,35.286328,140.148375,100,0
2016/07/05,8:00:00,1,35.2862,140.14836,98,0
2016/07/05,8:00:00,1,35.284315,140.14786,105,0
2016/07/05,8:00:00,1,35.284315,140.14786,105,0
2016/07/05,8:00:00,1,35.284315,140.14786,105,0
2016/07/05,8:00:00,1,35.280078,140.150925,111,1
2016/07/05,8:00:00,1,35.279373,140.151447,115,0
2016/07/05,8:00:00,1,35.279373,140.151447,115,0
2016/07/05,8:00:00,1,35.279373,140.151447,115,0
2016/07/05,8:00:00,1,35.275095,140.150552,128,0
2016/07/05,8:00:00,1,35.275095,140.150552,128,0
2016/07/05,8:00:00,1,35.275095,140.150552,128,0
2016/07/05,8:00:00,1,35.275095,140.150552,128,0
2016/07/05,8:00:00,1,35.275095,140.150552,128,0
2016/07/05,8:00:00,1,35.270172,140.156268,147,0
2016/07/05,8:00:00,1,35.269047,140.156888,143,1
2016/07/05,8:00:00,1,35.269098,140.157338,146,0
2016/07/05,8:00:00,1,35.269098,140.157338,146,0
2016/07/05,8:00:00,1,35.266878,140.15972,136,0
2016/07/05,8:00:00,1,35.266507,140.15975,140,0
2016/07/05,8:00:00,1,35.266483,140.159755,137,0
2016/07/05,8:00:00,1,35.266458,140.159738,139,0
2016/07/05,8:00:00,1,35.266457,140.15974,141,1
2016/07/05,8:00:00,1,35.266502,140.15978,138,0
2016/07/05,8:00:00,1,35.266482,140.15979,141,0
2016/07/05,8:00:00,1,35.266485,140.159793,141,0
2016/07/05,8:00:00,1,35.266487,140.159795,141,0
2016/07/05,8:00:00,1,35.266478,140.159793,137,0
2016/07/05,8:00:00,1,35.266465,140.159728,137,0
2016/07/05,8:00:00,1,35.266447,140.159722,137,0
2016/07/05,8:00:00,1,35.266447,140.159722,137,0
2016/07/05,8:00:00,1,35.266447,140.159722,137,0
2016/07/05,8:00:00,1,35.266445,140.159722,137,1
2016/07/05,8:00:00,1,35.266445,140.159723,137,0
2016/07/05,8:00:00,1,35.266445,140.159723,137,0
2016/07/05,8:00:00,1,35.266445,140.159723,137,0
2016/07/05,8:00:00,1,35.266445,140.159723,137,0
2016/07/05,8:00:00,1,35.266445,140.159723,137,0
2016/07/05,8:00:00,1,35.266445,140.159723,137,0
2016/07/05,8:00:00,1,35.266445,140.159723,137,1
2016/07/05,8:00:00,1,35.266445,140.159723,137,0
2016/07/05,8:00:00,1,35.266445,140.159723,137,0
2016/07/05,8:00:00,1,35.266445,140.159723,137,0
2016/07/05,8:00:00,1,35.266462,140.159735,138,0
2016/07/05,8:00:00,1,35.266463,140.159735,138,0
2016/07/05,8:00:00,1,35.266465,140.159737,138,0
2016/07/05,8:00:00,1,35.266465,140.159737,138,0
2016/07/05,8:00:00,1,35.266465,140.159737,138,0
2016/07/05,8:00:00,1,35.266465,140.159738,138,0
2016/07/05,8:00:00,1,35.266465,140.159738,138,1
2016/07/05,8:00:00,1,35.266467,140.15974,138,0
2016/07/05,8:00:00,1,35.266467,140.15974,138,0
2016/07/05,8:00:00,1,35.266467,140.15974,138,0
2016/07/05,8:00:00,1,35.266467,140.159742,138,0
2016/07/05,8:00:00,1,35.266467,140.159742,138,0
2016/07/05,8:00:00,1,35.266467,140.159742,138,0
2016/07/05,8:00:00,1,35.26647,140.159742,138,1
2016/07/05,8:00:00,1,35.26647,140.159742,138,0
2016/07/05,8:00:00,1,35.26647,140.159742,138,0
2016/07/05,8:00:00,1,35.26647,140.159742,138,0
2016/07/05,8:00:00,1,35.26647,140.159742,138,0
2016/07/05,8:00:00,1,35.266493,140.159775,135,0
2016/07/05,8:00:00,1,35.2665,140.159773,134,0
2016/07/05,8:00:00,1,35.266498,140.159782,135,0
2016/07/05,8:00:00,1,35.266497,140.159785,135,0
2016/07/05,8:00:00,1,35.266497,140.159785,135,0
2016/07/05,8:00:00,1,35.266497,140.159787,135,1
2016/07/05,8:00:00,1,35.266497,140.159787,135,0
2016/07/05,8:00:00,1,35.266647,140.160223,139,0
2016/07/05,8:00:00,1,35.266255,140.16154,146,0
2016/07/05,8:00:00,1,35.266095,140.16314,147,0
2016/07/05,8:00:00,1,35.265387,140.16427,149,0
2016/07/05,8:00:00,1,35.264023,140.164565,148,0
2016/07/05,8:00:00,1,35.262243,140.165093,142,1
2016/07/05,8:00:00,1,35.260758,140.164603,140,0
2016/07/05,8:00:00,1,35.260548,140.1644,143,0
2016/07/05,8:00:00,1,35.260548,140.1644,143,0
2016/07/05,8:00:00,1,35.254857,140.162178,119,0
2016/07/05,8:00:00,1,35.253292,140.16325,112,0
2016/07/05,8:00:00,1,35.251928,140.164375,113,0
2016/07/05,8:00:00,1,35.250927,140.165905,112,0
2016/07/05,8:00:00,1,35.250337,140.166972,124,0
2016/07/05,8:00:00,1,35.249515,140.167587,124,0
2016/07/05,8:00:00,1,35.248612,140.167253,121,1
2016/07/05,8:00:00,1,35.247822,140.166572,131,0
2016/07/05,8:00:00,1,35.24685,140.166187,139,0
2016/07/05,8:00:00,1,35.24608,140.166258,143,0
2016/07/05,8:00:00,1,35.245218,140.166827,143,0
2016/07/05,8:00:00,1,35.245218,140.166827,143,0
2016/07/05,8:00:00,1,35.241972,140.170922,145,0
2016/07/05,8:00:00,1,35.240777,140.170895,141,1
2016/07/05,8:00:00,1,35.240017,140.171102,146,0
2016/07/05,8:00:00,1,35.239198,140.171555,157,0
2016/07/05,8:00:00,1,35.238318,140.171977,169,0
2016/07/05,8:00:00,1,35.237578,140.172617,175,0
2016/07/05,8:00:00,1,35.236282,140.173828,179,0
2016/07/05,8:00:00,1,35.234752,140.174565,170,0
2016/07/05,8:00:00,1,35.233372,140.174342,166,0
2016/07/05,8:00:00,1,35.233322,140.174327,166,0
2016/07/05,8:00:00,1,35.230352,140.174243,163,0
2016/07/05,8:00:00,1,35.22989,140.175635,172,1
2016/07/05,8:00:00,1,35.229033,140.177262,183,0
2016/07/05,8:00:00,1,35.22766,140.178422,180,0
2016/07/05,8:00:00,1,35.226687,140.179192,179,0
2016/07/05,8:00:00,1,35.225688,140.179603,177,0
2016/07/05,8:00:00,1,35.22468,140.179822,181,0
2016/07/05,8:00:00,1,35.223852,140.180338,185,0
2016/07/05,8:00:00,1,35.223673,140.180753,190,1
2016/07/05,8:00:00,1,35.222258,140.182367,189,0
2016/07/05,8:00:00,1,35.221128,140.181928,185,0
2016/07/05,8:00:00,1,35.218632,140.183245,170,0
2016/07/05,8:00:00,1,35.216727,140.18372,166,0
2016/07/05,8:00:00,1,35.21605,140.183175,169,0
2016/07/05,8:00:00,1,35.215563,140.18333,167,0
2016/07/05,8:00:00,1,35.215563,140.18333,167,0
2016/07/05,8:00:00,1,35.215563,140.18333,167,0
2016/07/05,8:00:00,1,35.215563,140.18333,167,0
2016/07/05,8:00:00,1,35.215563,140.18333,167,1
2016/07/05,8:00:00,1,35.210887,140.18697,192,0
2016/07/05,8:00:00,1,35.210218,140.187083,192,0
2016/07/05,8:00:00,1,35.208298,140.189112,184,0
2016/07/05,8:00:00,1,35.20694,140.19017,184,0
2016/07/05,8:00:00,1,35.206722,140.19015,186,0
2016/07/05,8:00:00,1,35.206722,140.19015,186,0
2016/07/05,8:00:00,1,35.206722,140.19015,186,1
2016/07/05,8:00:00,1,35.206722,140.19015,186,0
2016/07/05,8:00:00,1,35.206722,140.19015,186,0
2016/07/05,8:00:00,1,35.206722,140.19015,186,0
2016/07/05,8:00:00,1,35.204418,140.197352,236,0
2016/07/05,8:00:00,1,35.204418,140.197352,236,0
2016/07/05,8:00:00,1,35.202413,140.198462,233,0
2016/07/05,8:00:00,1,35.202413,140.198462,233,0
2016/07/05,8:00:00,1,35.202413,140.198462,233,0
2016/07/05,8:00:00,1,35.197082,140.195095,227,0
2016/07/05,8:00:00,1,35.197082,140.195095,227,1
2016/07/05,8:00:00,1,35.195435,140.197618,208,0
2016/07/05,8:00:00,1,35.195435,140.197618,208,0
2016/07/05,8:00:00,1,35.191185,140.19893,215,0
2016/07/05,8:00:00,1,35.190295,140.198768,214,0
2016/07/05,8:00:00,1,35.188618,140.197175,219,0
2016/07/05,8:00:00,1,35.186843,140.197425,217,0
2016/07/05,8:00:00,1,35.185372,140.198092,218,1
2016/07/05,8:00:00,1,35.18474,140.19914,212,0
2016/07/05,8:00:00,1,35.183473,140.1991,208,0
2016/07/05,8:00:00,1,35.183473,140.1991,208,0
2016/07/05,8:00:00,1,35.18147,140.196763,225,0
2016/07/05,8:00:00,1,35.18147,140.196763,225,0
2016/07/05,8:00:00,1,35.179575,140.195918,219,0
2016/07/05,8:00:00,1,35.179575,140.195918,219,0
2016/07/05,8:00:00,1,35.179575,140.195918,219,0
2016/07/05,8:00:00,1,35.178835,140.191213,235,0
2016/07/05,8:00:00,1,35.178195,140.190313,226,1
2016/07/05,8:00:00,1,35.178195,140.190313,226,0
2016/07/05,8:00:00,1,35.178195,140.190313,226,0
2016/07/05,8:00:00,1,35.178195,140.190313,226,0
2016/07/05,8:00:00,1,35.178195,140.190313,226,0
2016/07/05,8:00:00,1,35.178195,140.190313,226,0
2016/07/05,8:00:00,1,35.178195,140.190313,226,0
2016/07/05,8:00:00,1,35.178195,140.190313,226,1
2016/07/05,8:00:00,1,35.178195,140.190313,226,0
2016/07/05,8:00:00,1,35.178195,140.190313,226,0
2016/07/05,8:00:00,1,35.178195,140.190313,226,0
2016/07/05,8:00:00,1,35.178195,140.190313,226,0
2016/07/05,8:00:00,1,35.178195,140.190313,226,0
2016/07/05,8:00:00,1,35.178195,140.190313,226,0
2016/07/05,8:00:00,1,35.178195,140.190313,226,0
2016/07/05,8:00:00,1,35.178195,140.190313,226,0
2016/07/05,8:00:00,1,35.178195,140.190313,226,0
2016/07/05,8:00:00,1,35.178195,140.190313,226,1
2016/07/05,8:00:00,1,35.178195,140.190313,226,0
2016/07/05,8:00:00,1,35.178195,140.190313,226,0
2016/07/05,8:00:00,1,35.178195,140.190313,226,0
2016/07/05,8:00:00,1,35.178195,140.190313,226,0
2016/07/05,8:00:00,1,35.178195,140.190313,226,0
2016/07/05,8:00:00,1,35.178195,140.190313,226,0
2016/07/05,8:00:00,1,35.178195,140.190313,226,1
2016/07/05,8:00:00,1,35.178195,140.190313,226,0
2016/07/05,8:00:00,1,35.178195,140.190313,226,0
2016/07/05,8:00:00,1,35.178195,140.190313,226,0
2016/07/05,8:00:00,1,35.178195,140.190313,226,0
2016/07/05,8:00:00,1,35.178195,140.190313,226,0
2016/07/05,8:00:00,1,35.173973,140.166015,360,0
2016/07/05,8:00:00,1,35.174505,140.166387,369,0
2016/07/05,8:00:00,1,35.175007,140.166258,373,0
2016/07/05,8:00:00,1,35.175007,140.166258,373,0
2016/07/05,8:00:00,1,35.175007,140.166258,373,1
2016/07/05,8:00:00,1,35.175007,140.166258,373,0
2016/07/05,8:00:00,1,35.175007,140.166258,373,0
2016/07/05,8:00:00,1,35.180345,140.166777,366,0
2016/07/05,8:00:00,1,35.180345,140.166777,366,0
2016/07/05,8:00:00,1,35.181162,140.168913,350,0
2016/07/05,8:00:00,1,35.181578,140.169763,343,0
2016/07/05,8:00:00,1,35.18212,140.170627,334,1
2016/07/05,8:00:00,1,35.184333,140.171835,326,0
2016/07/05,8:00:00,1,35.185257,140.172535,319,0
2016/07/05,8:00:00,1,35.185257,140.172535,319,0
2016/07/05,8:00:00,1,35.185257,140.172535,319,0
2016/07/05,8:00:00,1,35.188615,140.172048,307,0
2016/07/05,8:00:00,1,35.189442,140.171812,304,0
2016/07/05,8:00:00,1,35.189442,140.171812,304,0
2016/07/05,8:00:00,1,35.189442,140.171812,304,0
2016/07/05,8:00:00,1,35.189442,140.171812,304,0
2016/07/05,8:00:00,1,35.189442,140.171812,304,1
2016/07/05,8:00:00,1,35.189442,140.171812,304,0
2016/07/05,8:00:00,1,35.189442,140.171812,304,0
2016/07/05,8:00:00,1,35.189442,140.171812,304,0
2016/07/05,8:00:00,1,35.189442,140.171812,304,0
2016/07/05,8:00:00,1,35.189442,140.171812,304,0
2016/07/05,8:00:00,1,35.189442,140.171812,304,0
2016/07/05,8:00:00,1,35.189442,140.171812,304,1
2016/07/05,8:00:00,1,35.189442,140.171812,304,0
2016/07/05,8:00:00,1,35.189442,140.171812,304,0
2016/07/05,8:00:00,1,35.189442,140.171812,304,0
2016/07/05,8:00:00,1,35.189442,140.171812,304,0
2016/07/05,8:00:00,1,35.189442,140.171812,304,0
2016/07/05,8:00:00,1,35.189442,140.171812,304,0
2016/07/05,8:00:00,1,35.189442,140.171812,304,0
2016/07/05,8:00:00,1,35.189442,140.171812,304,0
2016/07/05,8:00:00,1,35.189442,140.171812,304,0
2016/07/05,8:00:00,1,35.189442,140.171812,304,1
2016/07/05,8:00:00,1,35.189442,140.171812,304,0
2016/07/05,8:00:00,1,35.189442,140.171812,304,0
2016/07/05,8:00:00,1,35.215475,140.163362,342,0
2016/07/05,8:00:00,1,35.215613,140.16338,341,0
2016/07/05,8:00:00,1,35.215613,140.16338,341,0
2016/07/05,8:00:00,1,35.215613,140.16338,341,0
2016/07/05,8:00:00,1,35.215613,140.16338,341,1
2016/07/05,8:00:00,1,35.215613,140.16338,341,0
2016/07/05,8:00:00,1,35.215613,140.16338,341,0
2016/07/05,8:00:00,1,35.215613,140.16338,341,0
2016/07/05,8:00:00,1,35.215613,140.16338,341,0
2016/07/05,8:00:00,1,35.215613,140.16338,341,0
2016/07/05,8:00:00,1,35.215613,140.16338,341,0
2016/07/05,8:00:00,1,35.215613,140.16338,341,0
2016/07/05,8:00:00,1,35.215613,140.16338,341,0
2016/07/05,8:00:00,1,35.215613,140.16338,341,0
2016/07/05,8:00:00,1,35.215613,140.16338,341,1
2016/07/05,8:00:00,1,35.215613,140.16338,341,0
2016/07/05,8:00:00,1,35.215613,140.16338,341,0
2016/07/05,8:00:00,1,35.24168,140.169523,135,0
2016/07/05,8:00:00,1,35.242088,140.169998,139,0
2016/07/05,8:00:00,1,35.242102,140.169915,140,0
2016/07/05,8:00:00,1,35.242443,140.169467,153,0
2016/07/05,8:00:00,1,35.243292,140.169723,159,1
2016/07/05,8:00:00,1,35.244165,140.169552,165,0
2016/07/05,8:00:00,1,35.244607,140.169323,167,0
2016/07/05,8:00:00,1,35.244607,140.169323,167,0
2016/07/05,8:00:00,1,35.246113,140.167188,156,0
2016/07/05,8:00:00,1,35.246113,140.167188,156,0
2016/07/05,8:00:00,1,35.25066,140.166602,135,0
2016/07/05,8:00:00,1,35.252883,140.163505,114,0
2016/07/05,8:00:00,1,35.25488,140.1625,107,0
2016/07/05,8:00:00,1,35.25488,140.1625,107,0
2016/07/05,8:00:00,1,35.25488,140.1625,107,1
2016/07/05,8:00:00,1,35.257597,140.161688,133,0
2016/07/05,8:00:00,1,35.257597,140.161688,133,0
2016/07/05,8:00:00,1,35.25936,140.162447,135,0
2016/07/05,8:00:00,1,35.25936,140.162447,135,0
2016/07/05,8:00:00,1,35.25936,140.162447,135,0
2016/07/05,8:00:00,1,35.25936,140.162447,135,0
2016/07/05,8:00:00,1,35.263763,140.16459,145,1
2016/07/05,8:00:00,1,35.265175,140.16431,149,0
2016/07/05,8:00:00,1,35.265997,140.163587,146,0
2016/07/05,8:00:00,1,35.265997,140.163587,146,0
2016/07/05,8:00:00,1,35.265997,140.163587,146,0
2016/07/05,8:00:00,1,35.265997,140.163587,146,0
2016/07/05,8:00:00,1,35.265997,140.163587,146,0
2016/07/05,8:00:00,1,35.265997,140.163587,146,0
2016/07/05,8:00:00,1,35.266455,140.159663,130,0
2016/07/05,8:00:00,1,35.26648,140.159672,133,0
2016/07/05,8:00:00,1,35.266483,140.159677,133,1
2016/07/05,8:00:00,1,35.266483,140.159688,137,0
2016/07/05,8:00:00,1,35.266483,140.159688,137,0
2016/07/05,8:00:00,1,35.266483,140.159688,137,0
2016/07/05,8:00:00,1,35.266483,140.159688,137,0
2016/07/05,8:00:00,1,35.266483,140.159688,137,0
2016/07/05,8:00:00,1,35.266483,140.159688,137,0
2016/07/05,8:00:00,1,35.266483,140.159688,137,1
2016/07/05,8:00:00,1,35.266483,140.159688,137,0
2016/07/05,8:00:00,1,35.266483,140.159688,137,0
2016/07/05,8:00:00,1,35.266483,140.159688,137,0
2016/07/05,8:00:00,1,35.266483,140.159688,137,0
2016/07/05,8:00:00,1,35.266483,140.159688,137,0
2016/07/05,8:00:00,1,35.266483,140.159688,137,0
2016/07/05,8:00:00,1,35.266483,140.159688,137,0
2016/07/05,8:00:00,1,35.266483,140.159688,137,0
2016/07/05,8:00:00,1,35.266483,140.159688,137,0
2016/07/05,8:00:00,1,35.266483,140.159688,137,1
2016/07/05,8:00:00,1,35.26647,140.159667,128,0
2016/07/05,8:00:00,1,35.266447,140.159663,139,0
2016/07/05,8:00:00,1,35.266498,140.15965,136,0
2016/07/05,8:00:00,1,35.266498,140.15965,136,0
2016/07/05,8:00:00,1,35.266553,140.15969,142,0
2016/07/05,8:00:00,1,35.267322,140.159795,143,0
2016/07/05,8:00:00,1,35.269063,140.159735,136,1
2016/07/05,8:00:00,1,35.269302,140.159063,137,0
2016/07/05,8:00:00,1,35.26935,140.157487,142,0
2016/07/05,8:00:00,1,35.269153,140.156727,149,0
2016/07/05,8:00:00,1,35.269525,140.15663,151,0
2016/07/05,8:00:00,1,35.270177,140.154528,155,0
2016/07/05,8:00:00,1,35.27132,140.152868,145,0
2016/07/05,8:00:00,1,35.27144,140.152747,146,0
2016/07/05,8:00:00,1,35.274767,140.150725,134,0
2016/07/05,8:00:00,1,35.274767,140.150725,134,0
2016/07/05,8:00:00,1,35.274767,140.150725,134,1
2016/07/05,8:00:00,1,35.281137,140.150578,122,0
2016/07/05,8:00:00,1,35.281137,140.150578,122,0
2016/07/05,8:00:00,1,35.281137,140.150578,122,0
2016/07/05,8:00:00,1,35.281137,140.150578,122,0
2016/07/05,8:00:00,1,35.281137,140.150578,122,0
2016/07/05,8:00:00,1,35.289378,140.149345,107,0
2016/07/05,8:00:00,1,35.289378,140.149345,107,1
2016/07/05,8:00:00,1,35.289378,140.149345,107,0
2016/07/05,8:00:00,1,35.289378,140.149345,107,0
2016/07/05,8:00:00,1,35.293402,140.151358,121,0
2016/07/05,8:00:00,1,35.295027,140.1512,131,0
2016/07/05,8:00:00,1,35.296505,140.150973,133,0
2016/07/05,8:00:00,1,35.29805,140.150747,126,0
2016/07/05,8:00:00,1,35.29805,140.150747,126,0
2016/07/05,8:00:00,1,35.29805,140.150747,126,0
2016/07/05,8:00:00,1,35.29805,140.150747,126,0
2016/07/05,8:00:00,1,35.305383,140.147678,106,1
2016/07/05,8:00:00,1,35.306767,140.148183,107,0
2016/07/05,8:00:00,1,35.309347,140.147657,97,0
2016/07/05,8:00:00,1,35.310325,140.147723,104,0
2016/07/05,8:00:00,1,35.311675,140.148387,107,0
2016/07/05,8:00:00,1,35.31391,140.149217,101,0
2016/07/05,8:00:00,1,35.315813,140.1489,99,0
2016/07/05,8:00:00,1,35.316812,140.1492,100,1
2016/07/05,8:00:00,1,35.318587,140.149442,100,0
2016/07/05,8:00:00,1,35.318587,140.149442,100,0
2016/07/05,8:00:00,1,35.318587,140.149442,100,0
2016/07/05,8:00:00,1,35.32349,140.149083,101,0
2016/07/05,8:00:00,1,35.32349,140.149083,101,0
2016/07/05,8:00:00,1,35.32349,140.149083,101,0
2016/07/05,8:00:00,1,35.329928,140.147527,92,0
2016/07/05,8:00:00,1,35.331418,140.146338,89,0
2016/07/05,8:00:00,1,35.332382,140.145397,94,0
2016/07/05,8:00:00,1,35.333722,140.145528,91,1
2016/07/05,8:00:00,1,35.333742,140.145677,91,0
2016/07/05,8:00:00,1,35.333742,140.145677,91,0
2016/07/05,8:00:00,1,35.337932,140.14877,85,0
2016/07/05,8:00:00,1,35.338698,140.149885,84,0
2016/07/05,8:00:00,1,35.3401,140.151358,87,0
2016/07/05,8:00:00,1,35.34155,140.150603,75,0
2016/07/05,8:00:00,1,35.343032,140.150358,74,1
2016/07/05,8:00:00,1,35.343353,140.151982,83,0
2016/07/05,8:00:00,1,35.343452,140.153713,81,0
2016/07/05,8:00:00,1,35.345055,140.154678,80,0
2016/07/05,8:00:00,1,35.345738,140.156728,79,0
2016/07/05,8:00:00,1,35.34646,140.158593,82,0
2016/07/05,8:00:00,1,35.346888,140.15974,80,0
2016/07/05,8:00:00,1,35.347755,140.161128,79,0
2016/07/05,8:00:00,1,35.349322,140.161288,85,0
2016/07/05,8:00:00,1,35.351113,140.162138,83,0
2016/07/05,8:00:00,1,35.352087,140.16302,84,1
2016/07/05,8:00:00,1,35.352472,140.16473,85,0
2016/07/05,8:00:00,1,35.35302,140.166132,90,0
2016/07/05,8:00:00,1,35.353465,140.167375,92,0
2016/07/05,8:00:00,1,35.353828,140.168598,100,0
2016/07/05,8:00:00,1,35.354068,140.169545,107,0
2016/07/05,8:00:00,1,35.354192,140.170268,107,0
2016/07/05,8:00:00,1,35.354695,140.171533,112,1
2016/07/05,8:00:00,1,35.35537,140.172742,101,0
2016/07/05,8:00:00,1,35.357648,140.174612,109,0
2016/07/05,8:00:00,1,35.358758,140.176033,117,0
2016/07/05,8:00:00,1,35.359343,140.17735,118,0
2016/07/05,8:00:00,1,35.360978,140.179375,108,0
2016/07/05,8:00:00,1,35.360978,140.179375,108,0
2016/07/05,8:00:00,1,35.364508,140.184123,84,0
2016/07/05,8:00:00,1,35.364803,140.184647,83,0
2016/07/05,8:00:00,1,35.365637,140.184633,81,0
2016/07/05,8:00:00,1,35.367307,140.184552,78,1
2016/07/05,8:00:00,1,35.368453,140.18433,86,0
2016/07/05,8:00:00,1,35.369503,140.183858,91,0
2016/07/05,8:00:00,1,35.369873,140.183917,88,0
2016/07/05,8:00:00,1,35.370808,140.18398,96,0
2016/07/05,8:00:00,1,35.371577,140.184753,99,0
2016/07/05,8:00:00,1,35.372185,140.185577,97,0
2016/07/05,8:00:00,1,35.372877,140.186313,112,1
2016/07/05,8:00:00,1,35.373305,140.186715,113,0
2016/07/05,8:00:00,1,35.374123,140.186903,111,0
2016/07/05,8:00:00,1,35.374123,140.186903,111,0
2016/07/05,8:00:00,1,35.374123,140.186903,111,0
2016/07/05,8:00:00,1,35.377533,140.186755,143,0
2016/07/05,8:00:00,1,35.37852,140.187328,142,0
2016/07/05,8:00:00,1,35.379653,140.189085,145,0
2016/07/05,8:00:00,1,35.379522,140.190598,131,0
2016/07/05,8:00:00,1,35.379703,140.191862,133,0
2016/07/05,8:00:00,1,35.380615,140.194928,116,1
2016/07/05,8:00:00,1,35.384158,140.197092,104,0
2016/07/05,8:00:00,1,35.386765,140.199098,99,0
2016/07/05,8:00:00,1,35.388623,140.19968,98,0
2016/07/05,8:00:00,1,35.388623,140.19968,98,0
2016/07/05,8:00:00,1,35.388623,140.19968,98,0
2016/07/05,8:00:00,1,35.389673,140.204072,93,0
2016/07/05,8:00:00,1,35.391515,140.206678,92,1
2016/07/05,8:00:00,1,35.393095,140.208342,88,0
2016/07/05,8:00:00,1,35.39444,140.209642,90,0
2016/07/05,8:00:00,1,35.395633,140.2109,87,0
2016/07/05,8:00:00,1,35.396303,140.211415,90,0
2016/07/05,8:00:00,1,35.39826,140.20952,84,0
2016/07/05,8:00:00,1,35.399482,140.207932,82,0
2016/07/05,8:00:00,1,35.400132,140.207908,84,0
2016/07/05,8:00:00,1,35.401417,140.206975,84,0
2016/07/05,8:00:00,1,35.403023,140.207113,75,0
2016/07/05,8:00:00,1,35.404647,140.206842,76,1
2016/07/05,8:00:00,1,35.406475,140.206615,79,0
2016/07/05,8:00:00,1,35.408425,140.206498,74,0
2016/07/05,8:00:00,1,35.410162,140.205888,76,0
2016/07/05,8:00:00,1,35.411505,140.204458,68,0
2016/07/05,8:00:00,1,35.412927,140.20283,72,0
2016/07/05,8:00:00,1,35.413742,140.204375,75,0
2016/07/05,8:00:00,1,35.414365,140.20607,78,1
2016/07/05,8:00:00,1,35.414815,140.206468,80,0
2016/07/05,8:00:00,1,35.417492,140.209103,77,0
2016/07/05,8:00:00,1,35.41823,140.211923,74,0
2016/07/05,8:00:00,1,35.419948,140.21207,75,0
2016/07/05,8:00:00,1,35.422183,140.211057,67,0
2016/07/05,8:00:00,1,35.423852,140.21275,66,0
2016/07/05,8:00:00,1,35.425203,140.214548,61,0
2016/07/05,8:00:00,1,35.427017,140.216505,59,0
2016/07/05,8:00:00,1,35.428753,140.216655,59,0
2016/07/05,8:00:00,1,35.429998,140.21678,61,1
2016/07/05,8:00:00,1,35.430138,140.216948,62,0
2016/07/05,8:00:00,1,35.429357,140.218445,66,0
2016/07/05,8:00:00,1,35.429017,140.220622,57,0
2016/07/05,8:00:00,1,35.428547,140.22287,60,0
2016/07/05,8:00:00,1,35.429057,140.224923,60,0
2016/07/05,8:00:00,1,35.430053,140.226298,61,0
2016/07/05,8:00:00,1,35.430872,140.227102,62,1
2016/07/05,8:00:00,1,35.431157,140.22846,58,0
2016/07/05,8:00:00,1,35.43309,140.228058,59,0
2016/07/05,8:00:00,1,35.434808,140.227847,56,0
2016/07/05,8:00:00,1,35.435948,140.229135,63,0
2016/07/05,8:00:00,1,35.437193,140.230458,68,0
2016/07/05,8:00:00,1,35.437947,140.232352,64,0
2016/07/05,8:00:00,1,35.439177,140.233622,61,0
2016/07/05,8:00:00,1,35.43989,140.233955,68,0
2016/07/05,8:00:00,1,35.442313,140.234798,80,0
2016/07/05,8:00:00,1,35.444222,140.23559,73,1
2016/07/05,8:00:00,1,35.445487,140.237668,68,0
2016/07/05,8:00:00,1,35.446903,140.239583,68,0
2016/07/05,8:00:00,1,35.448855,140.239063,66,0
2016/07/05,8:00:00,1,35.450525,140.239075,68,0
2016/07/05,8:00:00,1,35.45213,140.239698,75,0
2016/07/05,8:00:00,1,35.45353,140.241722,73,0
2016/07/05,8:00:00,1,35.455012,140.24369,71,1
2016/07/05,8:00:00,1,35.455933,140.24428,68,0
2016/07/05,8:00:00,1,35.457285,140.244693,70,0
2016/07/05,8:00:00,1,35.45819,140.244315,76,0
2016/07/05,8:00:00,1,35.459693,140.244018,73,0
2016/07/05,8:00:00,1,35.461132,140.24365,72,0
2016/07/05,8:00:00,1,35.462668,140.243313,71,0
2016/07/05,8:00:00,1,35.464085,140.243008,72,0
2016/07/05,8:00:00,1,35.46455,140.242882,79,0
2016/07/05,8:00:00,1,35.46455,140.242882,79,0
2016/07/05,8:00:00,1,35.466357,140.241147,89,1
2016/07/05,8:00:00,1,35.466357,140.241147,89,0
2016/07/05,8:00:00,1,35.466357,140.241147,89,0
2016/07/05,8:00:00,1,35.466357,140.241147,89,0
2016/07/05,8:00:00,1,35.46804,140.23846,119,0
2016/07/05,8:00:00,1,35.468093,140.236987,124,0
2016/07/05,8:00:00,1,35.468395,140.235795,127,0
2016/07/05,8:00:00,1,35.468992,140.234812,138,1
2016/07/05,8:00:00,1,35.469872,140.234082,139,0
2016/07/05,8:00:00,1,35.471062,140.233897,141,0
2016/07/05,8:00:00,1,35.472383,140.233787,147,0
2016/07/05,8:00:00,1,35.473817,140.234302,146,0
2016/07/05,8:00:00,1,35.475967,140.23496,132,0
2016/07/05,8:00:00,1,35.477512,140.233877,123,0
2016/07/05,8:00:00,1,35.479432,140.233962,129,0
2016/07/05,8:00:00,1,35.480363,140.23331,137,0
2016/07/05,8:00:00,1,35.481075,140.232373,144,0
2016/07/05,8:00:00,1,35.482167,140.231908,142,1
2016/07/05,8:00:00,1,35.483687,140.231322,140,0
2016/07/05,8:00:00,1,35.484982,140.23124,144,0
2016/07/05,8:00:00,1,35.486347,140.23173,143,0
2016/07/05,8:00:00,1,35.487442,140.231737,150,0
2016/07/05,8:00:00,1,35.48892,140.23396,141,0
2016/07/05,8:00:00,1,35.48952,140.235755,134,0
2016/07/05,8:00:00,1,35.48975,140.236793,132,1
2016/07/05,8:00:00,1,35.491297,140.23893,133,0
2016/07/05,8:00:00,1,35.492097,140.239948,134,0
2016/07/05,8:00:00,1,35.492477,140.242147,127,0
2016/07/05,8:00:00,1,35.494598,140.243147,111,0
2016/07/05,8:00:00,1,35.496072,140.243463,101,0
2016/07/05,8:00:00,1,35.496815,140.245443,94,0
2016/07/05,8:00:00,1,35.49787,140.247027,100,0
2016/07/05,8:00:00,1,35.49844,140.248873,97,0
2016/07/05,8:00:00,1,35.49883,140.251823,87,0
2016/07/05,8:00:00,1,35.500635,140.253088,93,1
2016/07/05,8:00:00,1,35.50221,140.254498,97,0
2016/07/05,8:00:00,1,35.50417,140.255613,91,0
2016/07/05,8:00:00,1,35.506003,140.25472,89,0
2016/07/05,8:00:00,1,35.508028,140.254812,86,0
2016/07/05,8:00:00,1,35.509935,140.255642,90,0
2016/07/05,8:00:00,1,35.511273,140.25609,92,0
2016/07/05,8:00:00,1,35.511752,140.257357,96,1
2016/07/05,8:00:00,1,35.511377,140.258192,98,0
2016/07/05,8:00:00,1,35.510957,140.259122,98,0
2016/07/05,8:00:00,1,35.510717,140.260132,106,0
2016/07/05,8:00:00,1,35.510582,140.261388,108,0
2016/07/05,8:00:00,1,35.510392,140.262545,113,0
2016/07/05,8:00:00,1,35.510333,140.263623,105,0
2016/07/05,8:00:00,1,35.510738,140.265123,113,0
2016/07/05,8:00:00,1,35.511137,140.265727,120,0
2016/07/05,8:00:00,1,35.512512,140.26668,124,0
2016/07/05,8:00:00,1,35.513468,140.26738,128,1
2016/07/05,8:00:00,1,35.514612,140.268168,129,0
2016/07/05,8:00:00,1,35.515768,140.268807,133,0
2016/07/05,8:00:00,1,35.517047,140.268943,135,0
2016/07/05,8:00:00,1,35.517455,140.270245,140,0
2016/07/05,8:00:00,1,35.517777,140.271528,138,0
2016/07/05,8:00:00,1,35.518363,140.272652,136,0
2016/07/05,8:00:00,1,35.518785,140.274657,136,1
2016/07/05,8:00:00,1,35.520317,140.275647,131,0
2016/07/05,8:00:00,1,35.521137,140.275777,138,0
2016/07/05,8:00:00,1,35.521143,140.276805,138,0
2016/07/05,8:00:00,1,35.521562,140.27851,135,0
2016/07/05,8:00:00,1,35.52315,140.279085,134,0
2016/07/05,8:00:00,1,35.52424,140.278665,133,0
2016/07/05,8:00:00,1,35.525377,140.278353,129,0
2016/07/05,8:00:00,1,35.526203,140.278,135,0
2016/07/05,8:00:00,1,35.526095,140.277448,135,0
2016/07/05,8:00:00,1,35.526078,140.277438,134,1
2016/07/05,8:00:00,1,35.526078,140.277438,134,0
2016/07/05,8:00:00,1,35.526112,140.277398,134,0
2016/07/05,8:00:00,1,35.526163,140.277405,137,0
2016/07/05,8:00:00,1,35.526182,140.277383,138,0
